{"inputs":{"opts":{"transparent":false,"styles":{"keywords":{"italic":true},"functions":[],"variables":[],"sidebars":"dark","comments":{"italic":false},"floats":"dark"},"dim_inactive":false},"plugins":["base","blink","gitsigns","kinds","lazy","mini_animate","mini_clue","mini_completion","mini_cursorword","mini_deps","mini_diff","mini_files","mini_hipatterns","mini_icons","mini_indentscope","mini_jump","mini_map","mini_notify","mini_operators","mini_pick","mini_starter","mini_statusline","mini_surround","mini_tabline","mini_test","mini_trailspace","semantic_tokens","telescope","treesitter","which-key"],"version":"4.11.0","colors":{"hint":"#1abc9c","rainbow":["#7aa2f7","#e0af68","#9ece6a","#1abc9c","#bb9af7","#9d7cd8","#ff9e64","#f7768e"],"purple":"#9d7cd8","fg_gutter":"#3b4261","terminal_black":"#414868","green1":"#73daca","none":"NONE","magenta2":"#ff007c","terminal":{"magenta":"#bb9af7","cyan":"#7dcfff","yellow_bright":"#faba4a","green":"#9ece6a","black":"#15161e","blue_bright":"#8db0ff","red":"#f7768e","yellow":"#e0af68","blue":"#7aa2f7","white_bright":"#c0caf5","magenta_bright":"#c7a9ff","cyan_bright":"#a4daff","red_bright":"#ff899d","white":"#a9b1d6","black_bright":"#414868","green_bright":"#9fe044"},"red":"#f7768e","yellow":"#e0af68","blue":"#7aa2f7","info":"#0db9d7","warning":"#e0af68","todo":"#7aa2f7","error":"#db4b4b","bg_dark1":"#0C0E14","blue6":"#b4f9f8","green":"#9ece6a","magenta":"#bb9af7","cyan":"#7dcfff","diff":{"delete":"#37222c","text":"#394b70","change":"#1f2231","add":"#20303b"},"bg":"#1a1b26","orange":"#ff9e64","comment":"#565f89","bg_float":"#16161e","blue2":"#0db9d7","bg_statusline":"#16161e","black":"#15161e","border":"#15161e","border_highlight":"#27a1b9","green2":"#41a6b5","red1":"#db4b4b","blue7":"#394b70","git":{"delete":"#914c54","ignore":"#545c7e","change":"#6183bb","add":"#449dab"},"dark3":"#545c7e","bg_highlight":"#292e42","blue1":"#2ac3de","bg_popup":"#16161e","bg_dark":"#16161e","fg":"#c0caf5","bg_sidebar":"#16161e","blue5":"#89ddff","bg_visual":"#283457","blue0":"#3d59a1","bg_search":"#3d59a1","fg_sidebar":"#a9b1d6","fg_dark":"#a9b1d6","fg_float":"#c0caf5","teal":"#1abc9c","dark5":"#737aa2"}},"groups":{"@markup.list":{"fg":"#89ddff"},"@lsp.type.generic":"@variable","@variable":{"fg":"#c0caf5"},"@lsp.type.interface":{"fg":"#57c5e5"},"@lsp.type.keyword":"@keyword","@keyword":{"fg":"#9d7cd8","italic":true},"@lsp.type.lifetime":"@keyword.storage","@keyword.storage":"StorageClass","@lsp.type.namespace":"@module","WhichKeyGroup":{"fg":"#7aa2f7"},"WhichKeyDesc":{"fg":"#bb9af7"},"WhichKeySeparator":{"fg":"#565f89"},"WhichKeyNormal":{"bg":"#16161e"},"WhichKeyValue":{"fg":"#737aa2"},"@operator":{"fg":"#89ddff"},"@lsp.type.parameter":"@variable.parameter","@lsp.type.property":"@property","BlinkCmpKindProperty":"LspKindProperty","@lsp.type.selfKeyword":"@variable.builtin","@lsp.type.selfTypeKeyword":"@variable.builtin","@lsp.type.string":"@string","@lsp.type.typeAlias":"@type.definition","@type.definition":"Typedef","@lsp.type.unresolvedReference":{"undercurl":true,"sp":"#db4b4b"},"LspKindStruct":"@lsp.type.struct","BlinkCmpKindStruct":"LspKindStruct","@lsp.type.variable":[],"@lsp.typemod.class.defaultLibrary":"@type.builtin","@lsp.typemod.enum.defaultLibrary":"@type.builtin","@lsp.typemod.enumMember.defaultLibrary":"@constant.builtin","@constant.builtin":"Special","@lsp.typemod.function.defaultLibrary":"@function.builtin","@function.builtin":"Special","@lsp.typemod.keyword.async":"@keyword.coroutine","@keyword.coroutine":"@keyword","MiniDepsPlaceholder":"Comment","MiniDepsTitle":"Title","MiniDepsTitleError":{"bg":"#914c54","fg":"#15161e"},"MiniDepsTitleSame":"Comment","MiniDepsTitleUpdate":{"bg":"#449dab","fg":"#15161e"},"MiniDiffOverAdd":"DiffAdd","DiffAdd":{"bg":"#20303b"},"MiniDiffOverChange":"DiffText","DiffText":{"bg":"#394b70"},"MiniDiffOverContext":"DiffChange","DiffChange":{"bg":"#1f2231"},"MiniDiffOverDelete":"DiffDelete","DiffDelete":{"bg":"#37222c"},"MiniDiffSignAdd":{"fg":"#449dab"},"MiniDiffSignChange":{"fg":"#6183bb"},"MiniDiffSignDelete":{"fg":"#914c54"},"TelescopeBorder":{"bg":"#16161e","fg":"#27a1b9"},"TelescopeNormal":{"bg":"#16161e","fg":"#c0caf5"},"TelescopePromptBorder":{"bg":"#16161e","fg":"#ff9e64"},"TelescopePromptTitle":{"bg":"#16161e","fg":"#ff9e64"},"TelescopeResultsComment":{"fg":"#545c7e"},"@variable.builtin":{"fg":"#f7768e"},"MiniJump":{"bg":"#ff007c","fg":"#ffffff"},"MiniJump2dDim":"Comment","MiniJump2dSpot":{"fg":"#ff007c","bold":true,"nocombine":true},"MiniJump2dSpotAhead":{"fg":"#1abc9c","bg":"#16161e","nocombine":true},"MiniJump2dSpotUnique":{"fg":"#ff9e64","bold":true,"nocombine":true},"MsgArea":{"fg":"#a9b1d6"},"WhichKey":{"fg":"#7dcfff"},"MiniHipatternsFixme":{"fg":"#15161e","bg":"#db4b4b","bold":true},"MiniHipatternsHack":{"fg":"#15161e","bg":"#e0af68","bold":true},"MiniHipatternsNote":{"fg":"#15161e","bg":"#1abc9c","bold":true},"MiniHipatternsTodo":{"fg":"#15161e","bg":"#0db9d7","bold":true},"@lsp.type.operator":"@operator","BlinkCmpKindText":"LspKindText","LineNr":{"fg":"#3b4261"},"MiniCursorword":{"bg":"#3b4261"},"@number":"Number","@lsp.type.number":"@number","MiniTestEmphasis":{"bold":true},"@lsp.type.namespace.python":"@variable","MiniStatuslineModeReplace":{"fg":"#15161e","bg":"#f7768e","bold":true},"MiniPickMatchMarked":"Visual","LspKindInterface":"@lsp.type.interface","@annotation":"PreProc","PreProc":{"fg":"#7dcfff"},"@character":"Character","@character.printf":"SpecialChar","LspKindPackage":"@module","@character.special":"SpecialChar","@comment.error":{"fg":"#db4b4b"},"@comment.hint":{"fg":"#1abc9c"},"@comment.info":{"fg":"#0db9d7"},"@comment.note":{"fg":"#1abc9c"},"@comment.todo":{"fg":"#7aa2f7"},"@comment.warning":{"fg":"#e0af68"},"@constant.macro":"Define","LspKindFunction":"@function","@constructor.tsx":{"fg":"#2ac3de"},"@diff.delta":"DiffChange","@diff.minus":"DiffDelete","@diff.plus":"DiffAdd","@function.call":"@function","@function.macro":"Macro","LspKindObject":"@constant","@function.method.call":"@function.method","@keyword.conditional":"Conditional","LspKindFolder":"Directory","LspKindNull":"@constant.builtin","Constant":{"fg":"#ff9e64"},"Character":{"fg":"#9ece6a"},"LspKindFile":"Normal","LspKindProperty":"@property","LspKindField":"@variable.member","Identifier":{"fg":"#bb9af7"},"LspKindReference":"@markup.link","Statement":{"fg":"#bb9af7"},"LspKindEvent":"Special","LspKindVariable":"@variable","Operator":{"fg":"#89ddff"},"LspKindTypeParameter":"@lsp.type.typeParameter","LspKindText":"@markup","LspKindUnit":"@lsp.type.struct","LspKindString":"@string","LspKindSnippet":"Conceal","LspKindEnumMember":"@lsp.type.enumMember","LspKindEnum":"@lsp.type.enum","LspKindConstructor":"@constructor","LspKindColor":"Special","LspKindClass":"@type","LspKindBoolean":"@boolean","LspKindNamespace":"@module","Special":{"fg":"#2ac3de"},"LspKindArray":"@punctuation.bracket","LspKindModule":"@module","MiniSurround":{"bg":"#ff9e64","fg":"#15161e"},"LspKindMethod":"@function.method","DiagnosticError":{"fg":"#db4b4b"},"DiagnosticWarn":{"fg":"#e0af68"},"MiniTrailspace":{"bg":"#f7768e"},"DiagnosticInfo":{"fg":"#0db9d7"},"LspKindKeyword":"@lsp.type.keyword","MiniPickMatchCurrent":"CursorLine","LspKindKey":"@variable.member","MiniPickIconFile":"MiniPickNormal","MiniPickIconDirectory":"Directory","MiniNotifyNormal":"NormalFloat","MiniClueNextKey":"DiagnosticFloatingHint","@markup.environment.name":"Type","@markup.heading.3.markdown":{"bold":true,"fg":"#9ece6a"},"BlinkCmpKindReference":"LspKindReference","Comment":{"fg":"#565f89","italic":false},"@property":{"fg":"#73daca"},"MiniStarterCurrent":{"nocombine":true},"Visual":{"bg":"#283457"},"MiniClueNextKeyWithPostkeys":"DiagnosticFloatingError","@markup.link":{"fg":"#1abc9c"},"MiniMapSymbolView":"Delimiter","@lsp.type.escapeSequence":"@string.escape","@lsp.type.formatSpecifier":"@markup.list","MiniMapNormal":"NormalFloat","VertSplit":{"fg":"#15161e"},"ErrorMsg":{"fg":"#db4b4b"},"EndOfBuffer":{"fg":"#1a1b26"},"CursorColumn":{"bg":"#292e42"},"CursorIM":{"bg":"#c0caf5","fg":"#1a1b26"},"Title":{"bold":true,"fg":"#7aa2f7"},"lCursor":{"bg":"#c0caf5","fg":"#1a1b26"},"@string":"String","Cursor":{"bg":"#c0caf5","fg":"#1a1b26"},"CursorLine":{"bg":"#292e42"},"BlinkCmpKindModule":"LspKindModule","Type":{"fg":"#2ac3de"},"@lsp.type.boolean":"@boolean","@markup.heading.6.markdown":{"bold":true,"fg":"#9d7cd8"},"@comment":"Comment","@lsp.type.enumMember":"@constant","Bold":{"bold":true,"fg":"#c0caf5"},"MiniIconsCyan":{"fg":"#1abc9c"},"NormalFloat":{"bg":"#16161e","fg":"#c0caf5"},"@variable.parameter":{"fg":"#e0af68"},"Underlined":{"underline":true},"@variable.member":{"fg":"#73daca"},"DiagnosticUnderlineInfo":{"undercurl":true,"sp":"#0db9d7"},"Delimiter":"Special","diffAdded":{"bg":"#20303b","fg":"#449dab"},"diffRemoved":{"bg":"#37222c","fg":"#914c54"},"Conceal":{"fg":"#737aa2"},"Normal":{"bg":"#1a1b26","fg":"#c0caf5"},"@lsp.typemod.keyword.injected":"@keyword","@lsp.typemod.macro.defaultLibrary":"@function.builtin","@lsp.typemod.method.defaultLibrary":"@function.builtin","@lsp.typemod.operator.injected":"@operator","@lsp.typemod.string.injected":"@string","@lsp.typemod.struct.defaultLibrary":"@type.builtin","@lsp.typemod.type.defaultLibrary":{"fg":"#27a1b9"},"@lsp.typemod.typeAlias.defaultLibrary":{"fg":"#27a1b9"},"@lsp.typemod.variable.callable":"@function","@function":"Function","@lsp.typemod.variable.defaultLibrary":"@variable.builtin","@lsp.typemod.variable.injected":"@variable","@lsp.typemod.variable.static":"@constant","WinBarNC":"StatusLineNC","WarningMsg":{"fg":"#e0af68"},"DiagnosticHint":{"fg":"#1abc9c"},"MiniPickBorder":"FloatBorder","MiniTablineHidden":{"bg":"#16161e","fg":"#737aa2"},"IncSearch":{"bg":"#ff9e64","fg":"#15161e"},"BlinkCmpKindUnit":"LspKindUnit","BlinkCmpKindVariable":"LspKindVariable","Directory":{"fg":"#7aa2f7"},"BlinkCmpKindKeyword":"LspKindKeyword","DiagnosticUnderlineError":{"undercurl":true,"sp":"#db4b4b"},"DiagnosticUnderlineWarn":{"undercurl":true,"sp":"#e0af68"},"FloatBorder":{"bg":"#16161e","fg":"#27a1b9"},"DiagnosticUnderlineHint":{"undercurl":true,"sp":"#1abc9c"},"Foo":{"bg":"#ff007c","fg":"#c0caf5"},"ColorColumn":{"bg":"#15161e"},"BlinkCmpDoc":{"bg":"#16161e","fg":"#c0caf5"},"BlinkCmpDocBorder":{"bg":"#16161e","fg":"#27a1b9"},"BlinkCmpGhostText":{"fg":"#414868"},"BlinkCmpKindCodeium":{"bg":"NONE","fg":"#1abc9c"},"BlinkCmpKindCopilot":{"bg":"NONE","fg":"#1abc9c"},"BlinkCmpKindDefault":{"bg":"NONE","fg":"#a9b1d6"},"BlinkCmpKindSupermaven":{"bg":"NONE","fg":"#1abc9c"},"BlinkCmpKindTabNine":{"bg":"NONE","fg":"#1abc9c"},"BlinkCmpLabel":{"bg":"NONE","fg":"#c0caf5"},"BlinkCmpLabelDeprecated":{"fg":"#3b4261","bg":"NONE","strikethrough":true},"SignColumn":{"bg":"#1a1b26","fg":"#3b4261"},"BlinkCmpLabelMatch":{"bg":"NONE","fg":"#2ac3de"},"BlinkCmpMenu":{"bg":"#16161e","fg":"#c0caf5"},"BlinkCmpMenuBorder":{"bg":"#16161e","fg":"#27a1b9"},"BlinkCmpSignatureHelp":{"bg":"#16161e","fg":"#c0caf5"},"BlinkCmpSignatureHelpBorder":{"bg":"#16161e","fg":"#27a1b9"},"MatchParen":{"bold":true,"fg":"#ff9e64"},"ModeMsg":{"bold":true,"fg":"#a9b1d6"},"MoreMsg":{"fg":"#7aa2f7"},"NonText":{"fg":"#545c7e"},"NormalNC":{"bg":"#1a1b26","fg":"#c0caf5"},"NormalSB":{"bg":"#16161e","fg":"#a9b1d6"},"FloatTitle":{"bg":"#16161e","fg":"#27a1b9"},"Pmenu":{"bg":"#16161e","fg":"#c0caf5"},"PmenuMatch":{"bg":"#16161e","fg":"#2ac3de"},"PmenuSel":{"bg":"#343a55"},"PmenuMatchSel":{"bg":"#343a55","fg":"#2ac3de"},"PmenuSbar":{"bg":"#1f1f29"},"PmenuThumb":{"bg":"#3b4261"},"Question":{"fg":"#7aa2f7"},"QuickFixLine":{"bg":"#283457","bold":true},"Search":{"bg":"#3d59a1","fg":"#c0caf5"},"CurSearch":"IncSearch","SpecialKey":{"fg":"#545c7e"},"SpellBad":{"undercurl":true,"sp":"#db4b4b"},"SpellCap":{"undercurl":true,"sp":"#e0af68"},"SpellLocal":{"undercurl":true,"sp":"#0db9d7"},"SpellRare":{"undercurl":true,"sp":"#1abc9c"},"StatusLine":{"bg":"#16161e","fg":"#a9b1d6"},"StatusLineNC":{"bg":"#16161e","fg":"#3b4261"},"TabLine":{"bg":"#16161e","fg":"#3b4261"},"TabLineFill":{"bg":"#15161e"},"TabLineSel":{"bg":"#7aa2f7","fg":"#15161e"},"VisualNOS":{"bg":"#283457"},"Whitespace":{"fg":"#3b4261"},"WildMenu":{"bg":"#283457"},"LazyProgressDone":{"bold":true,"fg":"#ff007c"},"LazyProgressTodo":{"bold":true,"fg":"#3b4261"},"Todo":{"bg":"#e0af68","fg":"#1a1b26"},"debugBreakpoint":{"bg":"#192b38","fg":"#0db9d7"},"debugPC":{"bg":"#16161e"},"dosIniLabel":"@property","helpCommand":{"bg":"#414868","fg":"#7aa2f7"},"htmlH1":{"bold":true,"fg":"#bb9af7"},"htmlH2":{"bold":true,"fg":"#7aa2f7"},"qfFileName":{"fg":"#7aa2f7"},"qfLineNr":{"fg":"#737aa2"},"LspReferenceText":{"bg":"#3b4261"},"LspReferenceRead":{"bg":"#3b4261"},"LspReferenceWrite":{"bg":"#3b4261"},"LspSignatureActiveParameter":{"bg":"#20253a","bold":true},"LspCodeLens":{"fg":"#565f89"},"LspInlayHint":{"bg":"#1d202d","fg":"#545c7e"},"LspInfoBorder":{"bg":"#16161e","fg":"#27a1b9"},"healthError":{"fg":"#db4b4b"},"healthSuccess":{"fg":"#73daca"},"healthWarning":{"fg":"#e0af68"},"diffChanged":{"bg":"#1f2231","fg":"#6183bb"},"diffOldFile":{"bg":"#37222c","fg":"#2ac3de"},"diffNewFile":{"bg":"#20303b","fg":"#2ac3de"},"diffFile":{"fg":"#7aa2f7"},"diffLine":{"fg":"#565f89"},"diffIndexLine":{"fg":"#bb9af7"},"helpExample":{"fg":"#565f89"},"@markup.raw.markdown_inline":{"bg":"#414868","fg":"#7aa2f7"},"WinBar":"StatusLine","LineNrBelow":{"fg":"#3b4261"},"LineNrAbove":{"fg":"#3b4261"},"CursorLineNr":{"bold":true,"fg":"#ff9e64"},"Substitute":{"bg":"#f7768e","fg":"#15161e"},"SignColumnSB":{"bg":"#16161e","fg":"#3b4261"},"FoldColumn":{"bg":"#1a1b26","fg":"#565f89"},"Folded":{"bg":"#3b4261","fg":"#7aa2f7"},"WinSeparator":{"bold":true,"fg":"#15161e"},"GitSignsDelete":{"fg":"#914c54"},"GitSignsChange":{"fg":"#6183bb"},"GitSignsAdd":{"fg":"#449dab"},"MiniIndentscopePrefix":{"nocombine":true},"MiniIndentscopeSymbol":{"nocombine":true,"fg":"#2ac3de"},"MiniDepsHint":"DiagnosticHint","MiniDepsChangeRemoved":"diffRemoved","MiniDepsChangeAdded":"diffAdded","MiniDepsMsgBreaking":"DiagnosticWarn","MiniDepsInfo":"DiagnosticInfo","MiniIconsRed":{"fg":"#f7768e"},"@punctuation.bracket":{"fg":"#a9b1d6"},"MiniIconsOrange":{"fg":"#ff9e64"},"MiniIconsYellow":{"fg":"#e0af68"},"MiniIconsGreen":{"fg":"#9ece6a"},"Italic":{"fg":"#c0caf5","italic":true},"@constructor":{"fg":"#bb9af7"},"MiniIconsAzure":{"fg":"#0db9d7"},"MiniIconsBlue":{"fg":"#7aa2f7"},"MiniIconsPurple":{"fg":"#9d7cd8"},"MiniIconsGrey":{"fg":"#c0caf5"},"@constant":"Constant","MiniPickHeader":"DiagnosticFloatingHint","Function":{"fg":"#7aa2f7"},"MiniMapSymbolCount":"Special","MiniMapSymbolLine":"Title","Keyword":{"fg":"#7dcfff","italic":true},"@lsp.type.enum":"@type","@function.method":"Function","@lsp.type.deriveHelper":"@attribute","MiniTablineVisible":{"bg":"#16161e","fg":"#c0caf5"},"@lsp.type.decorator":"@attribute","MiniTablineModifiedVisible":{"bg":"#16161e","fg":"#e0af68"},"@lsp.type.comment":"@comment","MiniTablineModifiedCurrent":{"bg":"#3b4261","fg":"#e0af68"},"@lsp.type.builtinType":"@type.builtin","MiniTablineFill":{"bg":"#15161e"},"String":{"fg":"#9ece6a"},"BlinkCmpKindString":"LspKindString","MiniClueBorder":"FloatBorder","MiniClueDescGroup":"DiagnosticFloatingWarn","MiniClueDescSingle":"NormalFloat","@markup":"@none","Error":{"fg":"#db4b4b"},"MiniClueSeparator":"DiagnosticFloatingInfo","MiniClueTitle":"FloatTitle","MiniAnimateCursor":{"reverse":true,"nocombine":true},"BlinkCmpKindMethod":"LspKindMethod","MiniPickPreviewLine":"CursorLine","MiniPickMatchRanges":"DiagnosticFloatingHint","LspKindNumber":"@number","BlinkCmpKindNumber":"LspKindNumber","LspKindConstant":"@constant","BlinkCmpKindConstant":"LspKindConstant","LspKindValue":"@string","BlinkCmpKindValue":"LspKindValue","LspKindOperator":"@operator","BlinkCmpKindOperator":"LspKindOperator","MiniNotifyBorder":"FloatBorder","BlinkCmpKindArray":"LspKindArray","MiniNotifyTitle":"FloatTitle","BlinkCmpKindEnum":"LspKindEnum","MiniPickBorderBusy":"DiagnosticFloatingWarn","BlinkCmpKindKey":"LspKindKey","DiagnosticUnnecessary":{"fg":"#414868"},"BlinkCmpKindColor":"LspKindColor","BlinkCmpKindNamespace":"LspKindNamespace","BlinkCmpKindClass":"LspKindClass","BlinkCmpKindFolder":"LspKindFolder","BlinkCmpKindBoolean":"LspKindBoolean","MiniStatuslineModeVisual":{"fg":"#15161e","bg":"#bb9af7","bold":true},"MiniOperatorsExchangeFrom":"IncSearch","MiniStatuslineModeOther":{"fg":"#15161e","bg":"#1abc9c","bold":true},"MiniStatuslineModeNormal":{"fg":"#15161e","bg":"#7aa2f7","bold":true},"BlinkCmpKindObject":"LspKindObject","MiniStatuslineModeCommand":{"fg":"#15161e","bg":"#e0af68","bold":true},"BlinkCmpKindFile":"LspKindFile","MiniStatuslineFilename":{"bg":"#292e42","fg":"#a9b1d6"},"MiniStatuslineFileinfo":{"bg":"#3b4261","fg":"#a9b1d6"},"MiniPickBorderText":{"bg":"#16161e","fg":"#1abc9c"},"BlinkCmpKindEvent":"LspKindEvent","BlinkCmpKindEnumMember":"LspKindEnumMember","MiniStatuslineDevinfo":{"bg":"#3b4261","fg":"#a9b1d6"},"MiniTestFail":{"bold":true,"fg":"#f7768e"},"MiniFilesBorder":"FloatBorder","MiniFilesBorderModified":"DiagnosticFloatingWarn","MiniFilesCursorLine":"CursorLine","MiniFilesDirectory":"Directory","MiniFilesFile":{"fg":"#c0caf5"},"MiniFilesNormal":"NormalFloat","MiniFilesTitle":"FloatTitle","MiniFilesTitleFocused":{"fg":"#27a1b9","bg":"#16161e","bold":true},"MiniTablineCurrent":{"bg":"#3b4261","fg":"#c0caf5"},"DiagnosticVirtualTextHint":{"bg":"#1a2b32","fg":"#1abc9c"},"@punctuation.special":{"fg":"#89ddff"},"MiniStarterQuery":{"fg":"#0db9d7"},"DiagnosticVirtualTextError":{"bg":"#2d202a","fg":"#db4b4b"},"BlinkCmpKindSnippet":"LspKindSnippet","MiniAnimateNormalFloat":"NormalFloat","DiagnosticVirtualTextWarn":{"bg":"#2e2a2d","fg":"#e0af68"},"MiniTablineTabpagesection":{"bg":"#3b4261","fg":"NONE"},"BlinkCmpKindTypeParameter":"LspKindTypeParameter","DiagnosticVirtualTextInfo":{"bg":"#192b38","fg":"#0db9d7"},"BlinkCmpKindPackage":"LspKindPackage","MiniPickPrompt":{"bg":"#16161e","fg":"#0db9d7"},"BlinkCmpKindNull":"LspKindNull","@keyword.debug":"Debug","Debug":{"fg":"#ff9e64"},"@keyword.directive":"PreProc","@keyword.directive.define":"Define","@keyword.exception":"Exception","MiniTestPass":{"bold":true,"fg":"#9ece6a"},"@keyword.function":{"fg":"#bb9af7"},"@keyword.import":"Include","BlinkCmpKindField":"LspKindField","@keyword.operator":"@operator","@keyword.repeat":"Repeat","MiniStatuslineInactive":{"bg":"#16161e","fg":"#7aa2f7"},"@keyword.return":"@keyword","MiniStatuslineModeInsert":{"fg":"#15161e","bg":"#9ece6a","bold":true},"@label":{"fg":"#7aa2f7"},"@none":[],"@markup.emphasis":{"italic":true},"@markup.environment":"Macro","MiniCompletionActiveParameter":{"underline":true},"@markup.heading":"Title","@markup.italic":{"italic":true},"@markup.link.label":"SpecialChar","@markup.link.label.symbol":"Identifier","@markup.link.url":"Underlined","BlinkCmpKindConstructor":"LspKindConstructor","@markup.list.checked":{"fg":"#73daca"},"@markup.list.markdown":{"bold":true,"fg":"#ff9e64"},"@markup.list.unchecked":{"fg":"#7aa2f7"},"@markup.math":"Special","@markup.raw":"String","MiniPickNormal":"NormalFloat","@markup.strong":{"bold":true},"@markup.underline":{"underline":true},"@module.builtin":{"fg":"#f7768e"},"@namespace.builtin":"@variable.builtin","@number.float":"Float","MiniPickPreviewRegion":"IncSearch","@punctuation.delimiter":{"fg":"#89ddff"},"@punctuation.special.markdown":{"fg":"#ff9e64"},"@string.documentation":{"fg":"#e0af68"},"@string.regexp":{"fg":"#b4f9f8"},"@tag":"Label","@module":"Directory","@tag.attribute":"@property","@tag.delimiter":"Delimiter","MiniCursorwordCurrent":{"bg":"#3b4261"},"@tag.delimiter.tsx":{"fg":"#5d7ab8"},"@tag.tsx":{"fg":"#f7768e"},"@tag.javascript":{"fg":"#f7768e"},"@markup.strikethrough":{"strikethrough":true},"@type.qualifier":"@keyword","@variable.parameter.builtin":{"fg":"#dab484"},"MiniStarterFooter":{"italic":true,"fg":"#e0af68"},"MiniStarterHeader":{"fg":"#7aa2f7"},"MiniStarterInactive":{"fg":"#565f89","italic":false},"MiniStarterItem":{"bg":"#1a1b26","fg":"#c0caf5"},"MiniStarterItemBullet":{"fg":"#27a1b9"},"MiniStarterItemPrefix":{"fg":"#e0af68"},"@boolean":"Boolean","MiniStarterSection":{"fg":"#2ac3de"},"@type.builtin":{"fg":"#27a1b9"},"MiniTablineModifiedHidden":{"bg":"#16161e","fg":"#a58354"},"@markup.heading.1.markdown":{"bold":true,"fg":"#7aa2f7"},"@markup.heading.2.markdown":{"bold":true,"fg":"#e0af68"},"@attribute":"PreProc","@markup.heading.4.markdown":{"bold":true,"fg":"#1abc9c"},"@markup.heading.5.markdown":{"bold":true,"fg":"#bb9af7"},"@type":"Type","@markup.heading.7.markdown":{"bold":true,"fg":"#ff9e64"},"@markup.heading.8.markdown":{"bold":true,"fg":"#f7768e"},"BlinkCmpKindFunction":"LspKindFunction","@string.escape":{"fg":"#bb9af7"},"BlinkCmpKindInterface":"LspKindInterface"}}